21521365	Acta Paediatr.	04	27	2011
21318370	Arch. Gynecol. Obstet.	05	12	2011
21702215	Clin. Lab. Med.	06	24	2011
21591868	Curr. Eye Res.	05	19	2011
21540661	Eur J Anaesthesiol	05	04	2011
21540660	Eur J Anaesthesiol	05	04	2011
21540659	Eur J Anaesthesiol	05	04	2011
21540658	Eur J Anaesthesiol	05	04	2011
21540657	Eur J Anaesthesiol	05	04	2011
21540656	Eur J Anaesthesiol	05	04	2011
21540655	Eur J Anaesthesiol	05	04	2011
21540654	Eur J Anaesthesiol	05	04	2011
21320638	Int. Immunopharmacol.	05	10	2011
21502582	Circulation	04	19	2011
21538125	Neurol. Sci.	05	12	2011
21682001	Neuroscience	06	16	2011
21553730	J Colloid Interface Sci	05	09	2011
21553729	J Colloid Interface Sci	05	09	2011
21520509	J. Surg. Res.	04	25	2011
21417393	Biomacromolecules	05	09	2011
21520973	J. Am. Chem. Soc.	04	27	2011
21451087	Anesth. Analg.	04	25	2011
21451086	Anesth. Analg.	04	25	2011
21451085	Anesth. Analg.	04	25	2011
21451084	Anesth. Analg.	04	25	2011
21451083	Anesth. Analg.	04	25	2011
21451082	Anesth. Analg.	04	25	2011
21451081	Anesth. Analg.	04	25	2011
21451080	Anesth. Analg.	04	25	2011
21451079	Anesth. Analg.	04	25	2011
21451078	Anesth. Analg.	04	25	2011
21451076	Anesth. Analg.	04	25	2011
21451075	Anesth. Analg.	04	25	2011
21451074	Anesth. Analg.	04	25	2011
21451073	Anesth. Analg.	04	25	2011
21451072	Anesth. Analg.	04	25	2011
21451071	Anesth. Analg.	04	25	2011
21451070	Anesth. Analg.	04	25	2011
21451069	Anesth. Analg.	04	25	2011
21451068	Anesth. Analg.	04	25	2011
21451067	Anesth. Analg.	04	25	2011
21451066	Anesth. Analg.	04	25	2011
21451065	Anesth. Analg.	04	25	2011
21378551	Anesthesiology	05	02	2011
21474470	Angiology	04	08	2011
21322769	Ann. Hum. Biol.	03	25	2011
18676432	Arch. Dis. Child.	04	13	2011
21442226	Arch. Virol.	04	25	2011
21508337	Arterioscler. Thromb. Vasc. Biol.	04	21	2011
21508336	Arterioscler. Thromb. Vasc. Biol.	04	21	2011
21415384	Diabetes	04	28	2011
21471772	Dis. Colon Rectum	04	07	2011
21527641	J. Bacteriol.	04	29	2011
21525233	J. Clin. Microbiol.	04	28	2011
21553204	J. Neurooncol.	05	09	2011
20027667	Med Res Rev	04	06	2011
20523300	Obesity (Silver Spring)	04	26	2011
21508781	Obstet Gynecol	04	21	2011
21488204	Yonsei Med. J.	04	13	2011
21500420	Immunol. Lett.	04	15	2011
19621929	J. Am. Chem. Soc.	03	31	2011
18952889	Arterioscler. Thromb. Vasc. Biol.	03	17	2011
18635819	Arterioscler. Thromb. Vasc. Biol.	03	17	2011
21473732	Biomark Med	04	08	2011
21534264	Br J Ophthalmol	04	29	2011
21458674	Cell	04	04	2011
21430443	Cell Cycle	04	14	2011
21542982	Chin. Med. J.	05	05	2011
21389809	Eur J Anaesthesiol	03	10	2011
21389808	Eur J Anaesthesiol	03	10	2011
21410508	J Adv Nurs	03	17	2011
21426386	J. Dermatol.	03	23	2011
21411680	J. Gen. Virol.	03	17	2011
21422878	Obstet Gynecol	03	22	2011
21454725	Psychol Sci	04	13	2011
21076915	Soc Psychiatry Psychiatr Epidemiol	03	14	2011
21318428	World J Surg	03	03	2011
21563601	Zhong Xi Yi Jie He Xue Bao	05	12	2011
21366430	N. Engl. J. Med.	03	24	2011
21405195	J Chem Phys	03	16	2011
21516631	J Ethnopharmacol	04	22	2011
21368838	Nature	03	03	2011
21368022	Am. J. Physiol. Lung Cell Mol. Physiol.	03	03	2011
21282984	Anticancer Drugs	02	01	2011
20662066	Arthritis Rheum.	03	01	2011
21355989	BJU Int.	03	01	2011
21539004	Cardiovasc Revasc Med	05	02	2011
21462431	Chemosphere	04	01	2011
21465684	Eur. J. Cancer	04	04	2011
21357251	FASEB J.	03	01	2011
21462432	Headache	04	01	2011
21552282	Int. J. Impot. Res.	05	09	2011
21608297	Int J Phytoremediation	05	24	2011
20155283	J. Cancer Res. Clin. Oncol.	02	10	2011
21372330	J. Clin. Microbiol.	03	04	2011
21542215	J Law Med	05	02	2011
21357248	J. Leukoc. Biol.	03	01	2011
21337416	Magn Reson Med	02	21	2011
21368319	Microbiology (Reading, Engl.)	03	03	2011
21350113	Mol. Cell. Biol.	02	25	2011
21391334	Scand. J. Immunol.	03	09	2011
21336080	South. Med. J.	02	21	2011
21228425	Thorax	02	21	2011
21443413	Vector Borne Zoonotic Dis.	03	29	2011
21348858	Biochem. J.	02	25	2011
21348857	Biochem. J.	02	25	2011
21324197	J. Exp. Clin. Cancer Res.	03	04	2011
21289317	J. Immunol.	02	03	2011
21289316	J. Immunol.	02	03	2011
21289315	J. Immunol.	02	03	2011
21346793	PLoS ONE	02	24	2011
21285977	EMBO J.	02	02	2011
21273842	Am. J. Med. Sci.	01	28	2011
21288870	Am. J. Respir. Crit. Care Med.	02	03	2011
21303290	Australas Psychiatry	02	09	2011
20499267	Biodegradation	12	24	2010
21245092	Cancer Res.	02	02	2011
21265955	Cancer Sci.	01	26	2011
21265954	Cancer Sci.	01	26	2011
21265953	Cancer Sci.	01	26	2011
21085959	Cardiovasc Intervent Radiol	01	13	2011
21526573	Hereditas	04	28	2011
21526572	Hereditas	04	28	2011
21360846	J. Allergy Clin. Immunol.	02	28	2011
21314668	J Am Geriatr Soc	02	14	2011
19837553	J Arthroplasty	01	24	2011
21228251	J. Virol.	01	13	2011
21228250	J. Virol.	01	13	2011
21228249	J. Virol.	01	13	2011
21277543	Lancet Oncol.	01	31	2011
21270322	Mol. Endocrinol.	01	28	2011
21322744	Neurosurg Focus	02	16	2011
21312390	Obstet Gynecol	02	10	2011
21252773	Obstet Gynecol	01	21	2011
21323223	Orthopedics	02	17	2011
21319981	Viral Immunol.	02	15	2011
21475564	Curr Rev Musculoskelet Med	04	08	2011
21475563	Curr Rev Musculoskelet Med	04	08	2011
21328799	Biochem. Biophys. Res. Commun.	02	16	2011
21209288	J. Immunol.	01	06	2011
21210996	Retrovirology	01	19	2011
21206499	Br. J. Cancer	01	05	2011
21265052	FEBS Lett.	01	24	2011
20472708	Am. J. Physiol. Lung Cell Mol. Physiol.	12	20	2010
21287778	Ann Card Anaesth	02	02	2011
21213615	Ann. Thorac. Surg.	01	07	2011
21107587	Arch. Dermatol. Res.	01	03	2011
21225991	Biotechnol J	01	12	2011
18812386	Br J Ophthalmol	01	04	2011
21120561	Clin. Rheumatol.	01	03	2011
21110211	Clin. Rheumatol.	01	03	2011
21107626	Clin. Rheumatol.	01	03	2011
21093854	Cognition	12	06	2010
21368448	Endocr. J.	03	03	2011
21124097	Eur J Anaesthesiol	12	02	2010
21189485	Gut	12	28	2010
21177935	Infect. Immun.	12	23	2010
21177934	Infect. Immun.	12	23	2010
21177933	Infect. Immun.	12	23	2010
21177932	Infect. Immun.	12	23	2010
21177931	Infect. Immun.	12	23	2010
21218607	J. Dermatol.	01	07	2011
21319393	Med Chem	02	11	2011
21217686	Nat. Med.	01	10	2011
21218543	Obstet Gynecol	01	06	2011
21173670	Obstet Gynecol	12	21	2010
21186696	Plant Biol (Stuttg)	12	27	2010
21526888	Platelets	05	11	2011
21298245	Singapore Med J	02	07	2011
21080626	J. Am. Chem. Soc.	12	23	2010
21170951	Chemistry	12	20	2010
21170950	Chemistry	12	20	2010
21176130	BMC Med Ethics	01	07	2011
21127265	Proc. Natl. Acad. Sci. U.S.A.	12	23	2010
21157791	Small	12	15	2010
21159658	Cancer Res.	12	16	2010
21148129	J. Clin. Oncol.	12	14	2010
21125570	Angew. Chem. Int. Ed. Engl.	12	02	2010
19419781	Int. J. Cardiol.	12	14	2010
21110522	Org. Lett.	11	29	2010
21151944	PLoS Pathog.	12	14	2010
21123753	Am. J. Respir. Crit. Care Med.	12	02	2010
21182616	Anaesthesia	12	24	2010
21106980	Anesth. Analg.	11	25	2010
21106975	Anesth. Analg.	11	25	2010
21106973	Anesth. Analg.	11	25	2010
21106972	Anesth. Analg.	11	25	2010
21218548	Ann. N. Y. Acad. Sci.	01	06	2011
20842432	Apoptosis	12	01	2010
21137116	Br J Ophthalmol	12	06	2010
20679414	Cardiovasc. Res.	11	05	2010
20931257	Clin. Exp. Med.	10	25	2010
20958266	Clin. Sci.	10	20	2010
20872267	Eur Arch Otorhinolaryngol	11	01	2010
21104110	Genetica	12	20	2010
21104109	Genetica	12	20	2010
21123441	Haematologica	12	02	2010
21126155	Inhal Toxicol	12	03	2010
21148329	Int. J. Syst. Evol. Microbiol.	12	14	2010
21148328	Int. J. Syst. Evol. Microbiol.	12	14	2010
20061500	Int. J. Syst. Evol. Microbiol.	12	28	2010
21052979	Knee Surg Sports Traumatol Arthrosc	11	18	2010
19908169	Med. Oncol.	11	24	2010
20859262	Mol. Ther.	12	01	2010
20859260	Mol. Ther.	12	01	2010
21174368	Nanomedicine	12	20	2010
21077284	J. Mol. Biol.	11	12	2010
20973504	Org. Lett.	11	12	2010
21045160	Cancer Res.	11	16	2010
21045159	Cancer Res.	11	16	2010
21045150	Cancer Res.	11	16	2010
20922815	J. Neurosci. Res.	10	12	2010
21074053	Cell	11	15	2010
21071648	Science	11	12	2010
21048767	Nature	11	04	2010
20838801	Arch. Gynecol. Obstet.	10	06	2010
20891035	Biotechnol. Adv.	10	01	2010
20891034	Biotechnol. Adv.	10	01	2010
20891033	Biotechnol. Adv.	10	01	2010
21108618	Bosn J Basic Med Sci	11	26	2010
20953214	Cancer Gene Ther.	10	18	2010
20966679	Cornea	10	22	2010
21046708	Haemophilia	11	02	2010
21038527	Int. Immunopharmacol.	10	28	2010
21081045	Zhongguo Fei Ai Za Zhi	11	18	2010
21029867	Cell	10	29	2010
20961083	J. Am. Chem. Soc.	10	21	2010
20973163	Biochem. Biophys. Res. Commun.	10	22	2010
20954303	J. Biol. Chem.	10	15	2010
20954297	J. Biol. Chem.	10	15	2010
20737670	J. Hazard. Mater.	08	24	2010
20737669	J. Hazard. Mater.	08	24	2010
20944751	Nature	10	14	2010
20864630	Proc. Natl. Acad. Sci. U.S.A.	10	06	2010
20490793	Aesthetic Plast Surg	10	04	2010
20799414	Biochem. Pharmacol.	08	26	2010
20839386	Cognition	09	13	2010
20936755	Int. J. Urol.	10	08	2010
20921858	J Clin Rheumatol	10	05	2010
20841365	J. Endocrinol.	09	15	2010
20847365	J. Gen. Virol.	09	17	2010
20921193	Plant Physiol.	10	05	2010
20499238	World J Urol	09	23	2010
20929829	Science	10	08	2010
20873370	Cell	09	27	2010
20683357	Neuroreport	08	11	2010
20887081	Chaos	10	04	2010
20824938	Chemosphere	09	07	2010
20689222	Circ. J.	08	31	2010
20535617	Eur. J. Appl. Physiol.	08	12	2010
20842788	Haematologica	09	14	2010
20842787	Haematologica	09	14	2010
20842784	Haematologica	09	14	2010
20661760	J Artif Organs	09	21	2010
20830824	J. Clin. Invest.	09	09	2010
20827817	J. Clin. Oncol.	09	08	2010
20827809	J. Clin. Oncol.	09	08	2010
20615571	J. Hepatol.	08	17	2010
20857609	J Nurs Manag	09	21	2010
20860108	JACC Cardiovasc Imaging	09	22	2010
21180206	Srp Arh Celok Lek	12	23	2010
20862807	Wound Repair Regen	09	23	2010
21361056	Xi Bao Yu Fen Zi Mian Yi Xue Za Zhi	03	01	2011
20574045	Blood	08	27	2010
20574044	Blood	08	27	2010
20712027	Angew. Chem. Int. Ed. Engl.	08	16	2010
20602389	Angew. Chem. Int. Ed. Engl.	08	16	2010
20710046	Cancer Res.	08	16	2010
20707907	Virol. J.	08	23	2010
20626085	Neuroscience	07	09	2010
20622151	Proc. Natl. Acad. Sci. U.S.A.	08	11	2010
20578759	J Phys Chem B	07	29	2010
20622156	Proc. Natl. Acad. Sci. U.S.A.	08	04	2010
20686986	Aging Ment Health	08	05	2010
20664094	Anesth. Analg.	07	28	2010
20406209	Basic Clin. Pharmacol. Toxicol.	07	28	2010
20628899	Cell. Mol. Neurobiol.	07	22	2010
20592535	Curr. Opin. Infect. Dis.	07	01	2010
21089224	Echocardiography	11	16	2010
20641129	Environ. Toxicol.	07	19	2010
20698795	Hum. Gene Ther.	08	11	2010
20701654	J. Fish Biol.	08	12	2010
20646167	J. Fish Biol.	07	21	2010
20660362	J. Immunol.	07	27	2010
20682724	J. Neurol. Neurosurg. Psychiatr.	08	04	2010
20682723	J. Neurol. Neurosurg. Psychiatr.	08	04	2010
20697229	J. Occup. Environ. Med.	08	10	2010
20703210	Leukemia	08	12	2010
20616067	Proc. Natl. Acad. Sci. U.S.A.	07	21	2010
20464777	Biochem. Pharmacol.	05	12	2010
20617561	Cell	07	08	2010
20617572	J. Biol. Chem.	07	08	2010
20617571	J. Biol. Chem.	07	08	2010
20617570	J. Biol. Chem.	07	08	2010
20613846	Nature	07	08	2010
20949665	Cancer Biol. Ther.	10	14	2010
19669877	Dig. Dis. Sci.	06	17	2010
20590961	J Am Acad Nurse Pract	07	01	2010
20695125	J Med Assoc Thai	08	09	2010
20583383	J Pak Med Assoc	06	28	2010
20583118	Muscle Nerve	07	01	2010
20567194	Obstet Gynecol	06	22	2010
20510735	Pharmacol. Biochem. Behav.	05	31	2010
20132511	Photochem. Photobiol.	07	26	2010
20626113	Vet. Clin. North Am. Small Anim. Pract.	07	13	2010
20584918	J. Cell Biol.	06	29	2010
20574457	Oncogene	06	24	2010
20538690	Circ. Res.	06	11	2010
20525814	Int. J. Syst. Evol. Microbiol.	12	28	2010
17004078	Arch Orthop Trauma Surg	05	13	2010
20553466	BJU Int.	06	17	2010
20547669	Br J Sports Med	06	15	2010
20523007	Chem. Pharm. Bull.	06	04	2010
20505972	Clin. Exp. Nephrol.	06	14	2010
20217143	Dysphagia	05	31	2010
20503521	Endocrinology	05	25	2010
20515957	FASEB J.	06	02	2010
20482667	Int. J. Urol.	05	20	2010
20483797	J. Immunol.	05	20	2010
20483796	J. Immunol.	05	20	2010
20483795	J. Immunol.	05	20	2010
20483794	J. Immunol.	05	20	2010
20483793	J. Immunol.	05	20	2010
20483792	J. Immunol.	05	20	2010
20535878	J Pak Med Assoc	06	10	2010
20514689	Mol. Endocrinol.	05	28	2010
20514688	Mol. Endocrinol.	05	28	2010
20452852	Orthop Traumatol Surg Res	07	05	2010
20534577	Proc. Natl. Acad. Sci. U.S.A.	06	10	2010
20586955	Reprod. Domest. Anim.	06	30	2010
20163935	Schizophr. Res.	05	12	2010
20515117	J Chem Phys	06	02	2010
20482900	BMC Bioinformatics	05	20	2010
20420465	Langmuir	04	27	2010
20420464	Langmuir	04	27	2010
20375280	Proc. Natl. Acad. Sci. U.S.A.	05	05	2010
20460011	S. Afr. Med. J.	05	12	2010
20177719	Acta Neurochir (Wien)	04	19	2010
20632463	Anim. Reprod. Sci.	07	14	2010
20229574	Cancer	04	26	2010
20432382	Clin Anat	04	30	2010
20446354	Haematologica	05	05	2010
20464794	J. Allergy Clin. Immunol.	05	12	2010
20514739	J. Formos. Med. Assoc.	06	01	2010
20535876	J Pak Med Assoc	06	10	2010
20376085	Leukemia	05	12	2010
19551898	Mol. Reprod. Dev.	04	01	2010
20432161	Nat. Prod. Res.	04	30	2010
20146010	Qual Life Res	04	12	2010
20199169	Toxicol. Mech. Methods	04	23	2010
20380034	J. Cell. Biochem.	04	08	2010
20368577	J. Exp. Med.	04	13	2010
20355276	J. Mol. Biol.	03	30	2010
20383878	Blood	04	09	2010
20220115	Blood	04	09	2010
20376151	Nature	04	08	2010
20357159	Anesth. Analg.	04	01	2010
21630502	Anesthesiology	05	31	2011
21630501	Anesthesiology	05	31	2011
21630500	Anesthesiology	05	31	2011
21630499	Anesthesiology	05	31	2011
20177373	Anesthesiology	04	14	2010
20177372	Anesthesiology	04	13	2011
20402681	APMIS	04	20	2010
19488972	Biomed. Chromatogr.	03	17	2010
20632472	BMB Rep	07	15	2010
20357076	Clin. Vaccine Immunol.	04	01	2010
19543991	Environ Monit Assess	03	09	2010
20220359	Eur J Anaesthesiol	03	11	2010
20112029	J. Cancer Res. Clin. Oncol.	02	19	2010
20304835	J. Immunol.	03	22	2010
20304834	J. Immunol.	03	22	2010
20304833	J. Immunol.	03	22	2010
20119650	J. Neurooncol.	03	12	2010
20369409	J Pain	04	05	2010
20369408	J Pain	04	05	2010
20369407	J Pain	04	05	2010
20389304	Leukemia	04	14	2010
19898777	Mol. Cell. Biochem.	03	11	2010
20446345	Mol. Cells	05	05	2010
21488230	Nat. Rev. Genet.	04	12	2011
20158675	Scand J Med Sci Sports	05	21	2010
20377824	Transfus Med	04	09	2010
20238474	Virus Res.	03	17	2010
19941939	Brain Res. Bull.	02	01	2010
20305807	PLoS Pathog.	03	22	2010
20160072	Proc. Natl. Acad. Sci. U.S.A.	03	22	2010
20506583	Blood Cells Mol. Dis.	05	26	2010
19790198	J. Exp. Zool. B Mol. Dev. Evol.	02	18	2010
20184346	Chem. Rev.	03	10	2010
20221242	PLoS ONE	03	11	2010
20194873	Circulation	03	02	2010
20217965	Arch Iran Med	03	10	2010
19951356	FEBS J.	04	15	2010
20235840	Hum. Gene Ther.	03	18	2010
20684042	J Cardiol	08	03	2010
20188287	J Foot Ankle Surg	03	01	2010
20185771	Mol. Biol. Cell	02	26	2010
20194629	Mol. Cell. Biol.	03	02	2010
20305530	Ophthal Plast Reconstr Surg	03	22	2010
20373548	Phys Rev E Stat Nonlin Soft Matter Phys	04	07	2010
20176752	J. Natl. Cancer Inst.	02	23	2010
20105496	J Colloid Interface Sci	01	28	2010
20137807	Lancet	02	24	2010
20306576	J. Biol. Chem.	03	19	2010
20124703	Acta Crystallogr. D Biol. Crystallogr.	02	03	2010
20130686	Biochem. Cell Biol.	02	04	2010
20014176	Clin Cardiol	03	01	2010
20082963	Comp. Biochem. Physiol., Part A Mol. Integr. Physiol.	01	19	2010
20050157	Comp. Biochem. Physiol. B, Biochem. Mol. Biol.	12	17	2009
19940257	FASEB J.	01	29	2010
20139396	Haematologica	02	08	2010
20144002	J Obstet Gynaecol	02	10	2010
20178557	J. Obstet. Gynaecol. Res.	02	24	2010
21507797	J Pharm Pract	04	21	2011
20135772	Mol. Endocrinol.	02	04	2010
20134478	Nat. Med.	02	05	2010
20192529	Rev Sci Instrum	03	02	2010
19859688	Urologe A	02	24	2010
20030331	J. Am. Chem. Soc.	01	14	2010
20050156	Biol. Psychiatry	12	17	2009
20014773	Biomacromolecules	01	11	2010
20040684	Arch. Dis. Child.	12	30	2009
19713531	Arterioscler. Thromb. Vasc. Biol.	12	18	2009
21187641	Biosci. Biotechnol. Biochem.	12	28	2010
20593564	Bratisl Lek Listy	07	01	2010
20086311	Cell Struct. Funct.	01	20	2010
20408260	Cells Tissues Organs (Print)	04	20	2010
20527365	Contrib Nephrol	06	08	2010
20726063	Curr. Med. Chem.	08	19	2010
19890759	Glob Public Health	11	30	2009
20068241	Int. J. Syst. Evol. Microbiol.	01	13	2010
20068240	Int. J. Syst. Evol. Microbiol.	01	13	2010
20068239	Int. J. Syst. Evol. Microbiol.	01	13	2010
20068238	Int. J. Syst. Evol. Microbiol.	01	13	2010
20068237	Int. J. Syst. Evol. Microbiol.	01	13	2010
20117681	J Arthroplasty	02	01	2010
20931702	J. Cell. Mol. Med.	10	07	2010
20026705	J. Clin. Pathol.	12	22	2009
20001573	J Drug Target	12	16	2009
20198755	J Med Assoc Thai	03	03	2010
20040692	J Mol Diagn	12	30	2009
21196765	J. Mol. Microbiol. Biotechnol.	01	18	2011
19707850	J Neural Transm	12	07	2009
20038671	J Pediatr Oncol Nurs	12	29	2009
19199297	J Pharm Sci	11	30	2009
21409849	Methods Mol. Biol.	03	16	2011
20109595	Phytochemistry	01	29	2010
20213963	Sleep	03	09	2010
20000553	J. Org. Chem.	12	16	2009
20008771	Ann. Intern. Med.	12	16	2009
19960604	J. Biol. Chem.	12	03	2009
20128857	Eur. J. Neurosci.	02	04	2010
19948690	Am. J. Physiol., Cell Physiol.	12	01	2009
19842787	Amyloid	11	20	2009
19891639	Andrologia	11	06	2009
19953724	Bioresour. Technol.	12	01	2009
19906100	Clin. Exp. Immunol.	11	12	2009
19866515	Comput Med Imaging Graph	10	27	2009
19789978	Dig. Dis. Sci.	01	21	2010
19946835	Eur J Pediatr Surg	12	16	2009
20043360	J. Am. Coll. Surg.	12	31	2009
19443749	J. Appl. Physiol.	12	02	2009
20560013	J Cardiovasc Transl Res	06	18	2010
17417808	J. Cell. Biochem.	12	01	2009
20059626	J Child Psychol Psychiatry	01	11	2010
19916875	J Drug Target	11	26	2009
19940110	J. Pharmacol. Exp. Ther.	11	26	2009
20052812	Korean J Gastroenterol	01	06	2010
19911394	Pediatr. Pulmonol.	11	26	2009
20020059	PLoS Genet.	12	18	2009
19590989	Stem Cell Rev	01	08	2010
17639580	Ultrasound Obstet Gynecol	12	07	2009
19965450	Science	12	07	2009
19639629	Am. J. Hum. Biol.	10	19	2009
19821879	J Clin Nurs	10	13	2009
20455295	Pac Health Dialog	05	10	2010
19915439	Pediatr Emerg Care	11	16	2009
19774385	Plant Cell Rep.	01	29	2010
20222207	S. Afr. Med. J.	03	11	2010
19874555	Scand. J. Immunol.	10	30	2009
19859027	Sex Transm Dis	10	27	2009
19808249	J. Exp. Med.	10	27	2009
19777641	Biochem. Biophys. Res. Commun.	09	23	2009
19777640	Biochem. Biophys. Res. Commun.	09	23	2009
19777639	Biochem. Biophys. Res. Commun.	09	23	2009
19827838	J. Med. Chem.	10	15	2009
19852534	J Chem Phys	10	26	2009
19843327	BMC Med Inform Decis Mak	11	09	2009
19725179	Biochem. Biophys. Res. Commun.	09	01	2009
19725178	Biochem. Biophys. Res. Commun.	09	01	2009
19725173	Biochem. Biophys. Res. Commun.	09	01	2009
19642235	J. Hazard. Mater.	07	29	2009
19807167	J. Agric. Food Chem.	10	07	2009
19828028	Mol. Cancer	10	28	2009
19839099	Curr. Biol.	10	16	2009
19819378	Lancet	10	12	2009
19818140	J. Exp. Clin. Cancer Res.	10	23	2009
19805159	Proc. Natl. Acad. Sci. U.S.A.	10	09	2009
19797239	Am. J. Physiol. Gastrointest. Liver Physiol.	10	02	2009
16680519	Antonie Van Leeuwenhoek	08	20	2009
19685578	Bioresour. Technol.	08	16	2009
19891088	Gan To Kagaku Ryoho	11	05	2009
19817897	Histopathology	10	12	2009
19767645	Infect. Immun.	09	21	2009
19513713	Int Orthop	10	05	2009
19776345	Invest. Ophthalmol. Vis. Sci.	09	24	2009
19797431	Plant Physiol.	10	02	2009
19806586	Zhonghua Yi Xue Yi Chuan Xue Za Zhi	10	06	2009
19731911	J. Am. Chem. Soc.	09	23	2009
19760805	FEBS Lett.	09	16	2009
19745169	Circ. Res.	09	11	2009
19784532	Acta Dermatovenerol Alp Panonica Adriat	09	28	2009
19784531	Acta Dermatovenerol Alp Panonica Adriat	09	28	2009
19796251	Ann. N. Y. Acad. Sci.	10	02	2009
19703191	Br J Sociol	08	25	2009
19901515	Cancer Biol. Ther.	11	10	2009
19838083	Cancer Biol. Ther.	10	20	2009
19672738	Disabil Rehabil Assist Technol	08	12	2009
19720626	FASEB J.	09	01	2009
19703005	Int. J. Dermatol.	08	25	2009
19757983	J Altern Complement Med	09	17	2009
19740305	J Card Surg	09	10	2009
20196791	J. Cell. Mol. Med.	03	03	2010
19700129	J Foot Ankle Surg	08	24	2009
19572399	Laryngoscope	09	04	2009
19572397	Laryngoscope	09	04	2009
19572394	Laryngoscope	09	04	2009
19750127	Mol. Med.	09	14	2009
19710717	Nat. Genet.	08	27	2009
19670213	Phytother Res	08	27	2009
19791980	Rev Sci Instrum	10	01	2009
19663718	Stem Cells Dev.	09	11	2009
19666546	Proc. Natl. Acad. Sci. U.S.A.	08	26	2009
19666547	Proc. Natl. Acad. Sci. U.S.A.	08	26	2009
19625678	Am. J. Physiol. Endocrinol. Metab.	07	23	2009
19625272	Angiology	09	17	2009
19771609	Aust Nurs J	09	21	2009
19468789	Clin. Rheumatol.	07	17	2009
19649932	Curr Opin Investig Drugs	08	03	2009
19685570	FASEB J.	08	14	2009
19643742	FASEB J.	07	31	2009
19670505	HBPD INT	08	11	2009
19575288	Inflammation	07	14	2009
19568922	Inflammation	07	14	2009
19734840	J Cardiovasc Surg (Torino)	09	07	2009
19620320	J. Immunol.	07	21	2009
19662678	J Strength Cond Res	08	06	2009
19967830	Nan Fang Yi Ke Da Xue Xue Bao	12	07	2009
19475506	Neurochem. Res.	06	08	2009
19608728	Nucleic Acids Res.	08	27	2009
20183618	Nucleosides Nucleotides Nucleic Acids	02	25	2010
19562381	Oecologia	07	31	2009
19629000	Otol. Neurotol.	07	24	2009
19569261	Respir Med	06	30	2009
19727599	Sci. China, C, Life Sci.	09	03	2009
19553283	Ther Adv Respir Dis	09	18	2009
19785092	J. Biol. Chem.	09	26	2009
19590011	Proc. Natl. Acad. Sci. U.S.A.	08	11	2009
19676152	J. Biol. Chem.	08	12	2009
19607687	J. Exp. Clin. Cancer Res.	07	29	2009
19582503	Aesthetic Plast Surg	07	24	2009
19572167	Aesthetic Plast Surg	07	24	2009
19572166	Aesthetic Plast Surg	07	24	2009
19572165	Aesthetic Plast Surg	07	24	2009
19609040	Anal Sci	07	17	2009
19609039	Anal Sci	07	17	2009
19525407	Ann. Rheum. Dis.	06	15	2009
19623768	Ann. Thorac. Surg.	07	22	2009
19594496	APMIS	07	14	2009
19489159	Cancer Genet. Cytogenet.	06	02	2009
19557476	Cardiovasc Intervent Radiol	07	06	2009
19548337	J. Am. Acad. Dermatol.	06	22	2009
19603550	J. Clin. Invest.	07	14	2009
19423630	Microbiology (Reading, Engl.)	06	26	2009
19578378	Nat. Struct. Mol. Biol.	07	06	2009
19424682	Naunyn Schmiedebergs Arch. Pharmacol.	05	15	2009
19390841	Naunyn Schmiedebergs Arch. Pharmacol.	05	15	2009
19417031	Reproduction	07	01	2009
19496236	Neuroscience	06	03	2009
19514104	Life Sci.	06	09	2009
19368042	Talanta	04	15	2009
19520824	Blood	06	12	2009
19472291	Chemphyschem	06	01	2009
19448229	Anesth. Analg.	05	18	2009
19580571	Ann. N. Y. Acad. Sci.	07	07	2009
19557376	Arch. Pharm. Res.	06	26	2009
19522041	Biol. Pharm. Bull.	06	11	2009
19517630	Biol. Pharm. Bull.	06	11	2009
19513083	Bone Marrow Transplant.	06	10	2009
19678438	Ceylon Med J	08	13	2009
19469050	Endocrinology	05	22	2009
20589983	J. Cell. Mol. Med.	06	28	2010
19486588	J Coll Physicians Surg Pak	06	02	2009
17524041	J. Gastroenterol. Hepatol.	07	29	2009
19459165	Laryngoscope	05	26	2009
19504397	Leuk. Lymphoma	06	08	2009
19465845	Med Sci Sports Exerc	05	25	2009
19474393	Mol. Cell. Biol.	05	28	2009
19454600	Nucleic Acids Res.	06	08	2009
19584876	Obesity (Silver Spring)	07	08	2009
19816134	Plant Signal Behav	10	09	2009
19130319	Stem Cell Rev	06	12	2009
19585698	Transplant. Proc.	07	08	2009
21314200	J. Agric. Food Chem.	02	14	2011
19390114	Clin. Cancer Res.	05	19	2009
19344963	Int. J. Cardiol.	04	27	2009
19380477	JAMA	05	13	2009
19364884	J. Exp. Med.	05	12	2009
19319708	Ann. Hum. Biol.	04	21	2009
19388154	Blood Cells Mol. Dis.	04	22	2009
20082502	Bull. Exp. Biol. Med.	01	18	2010
20082501	Bull. Exp. Biol. Med.	01	18	2010
19502887	Dis. Colon Rectum	06	08	2009
19502874	Dis. Colon Rectum	06	08	2009
19421013	Eye Contact Lens	05	07	2009
19421012	Eye Contact Lens	05	07	2009
19417759	Hypertens. Res.	05	06	2009
19418609	Injury	05	05	2009
19506343	Int Heart J	06	09	2009
19301286	J. Biomed. Mater. Res. Part B Appl. Biomater.	04	08	2009
18446852	J. Biomed. Mater. Res. Part B Appl. Biomater.	04	08	2009
19475772	J Clin Anesth	05	28	2009
19382283	J Gene Med	04	27	2009
19353753	J. Hosp. Infect.	04	07	2009
18779936	J. Mol. Neurosci.	04	16	2009
19326935	J. Org. Chem.	04	27	2009
19422087	J Pain Symptom Manage	05	06	2009
19449482	J Pak Med Assoc	05	18	2009
19406009	J. Pharm. Pharmacol.	05	01	2009
19347663	J. Plant Res.	04	15	2009
18662722	J. Virol. Methods	04	17	2009
19400820	Pain Pract	04	29	2009
19391126	Phytother Res	04	29	2009
19391125	Phytother Res	04	29	2009
19391124	Phytother Res	04	29	2009
19391101	Phytother Res	04	29	2009
19637404	S Afr J Surg	07	27	2009
19372116	Schizophr Bull	04	17	2009
19530279	Semin. Cell Dev. Biol.	06	12	2009
19365234	Shock	04	14	2009
19565674	Transpl. Immunol.	06	29	2009
19383009	Transpl. Int.	04	22	2009
19380749	Proc. Natl. Acad. Sci. U.S.A.	05	06	2009
19380733	Proc. Natl. Acad. Sci. U.S.A.	05	06	2009
19390025	Science	04	24	2009
19422168	Nanotechnology	05	07	2009
19357308	Proc. Natl. Acad. Sci. U.S.A.	05	06	2009
19374743	Health Qual Life Outcomes	05	01	2009
19382300	Immunity	04	20	2009
19378495	Immunity	04	20	2009
19378493	Immunity	04	20	2009
19340080	Nature	04	02	2009
19299812	Anesth. Analg.	03	20	2009
19399884	Ann. Neurol.	05	04	2009
19455492	Eur J Pediatr Surg	05	20	2009
19266631	Eur J Surg Oncol	03	05	2009
19266630	Eur J Surg Oncol	03	05	2009
19288593	ISA Trans	03	13	2009
19339584	J Bone Joint Surg Am	04	02	2009
19335803	J. Obstet. Gynaecol. Res.	08	27	2009
19279189	Mol. Cell. Biol.	03	12	2009
19341349	Neurosurg Focus	04	03	2009
19225817	Neurosurg Rev	02	26	2009
19337121	Plast. Reconstr. Surg.	04	01	2009
19415890	Sleep	05	05	2009
19129144	Proc. Biol. Sci.	02	09	2009
19374044	Environ. Sci. Technol.	04	17	2009
19264926	Blood	03	06	2009
19264925	Blood	03	06	2009
19262535	Am. J. Gastroenterol.	03	05	2009
19218855	Anesthesiology	02	25	2009
19234048	Arch. Dis. Child.	02	23	2009
19338575	Br. J. Pharmacol.	04	02	2009
19338574	Br. J. Pharmacol.	04	02	2009
18949587	Clin Toxicol (Phila)	03	23	2009
20500035	Immunopharmacol Immunotoxicol	05	26	2010
19258600	J Bone Joint Surg Br	03	04	2009
19309790	J. Chromatogr. B Analyt. Technol. Biomed. Life Sci.	03	23	2009
19274879	J Drugs Dermatol	03	10	2009
19222129	Methods	02	13	2009
17703054	Mol. Biol. Evol.	02	16	2009
19291899	Poult. Sci.	03	17	2009
19288610	Reg Anesth Pain Med	03	16	2009
19203587	Cell	02	10	2009
19175582	Acta Anaesthesiol Scand	01	29	2009
19160568	Biochem. J.	01	21	2009
19434916	Bioorg. Med. Chem. Lett.	01	29	2009
19058046	Crit. Rev. Microbiol.	05	25	2010
19250442	Eur. J. Neurosci.	03	02	2009
19496286	J Calif Dent Assoc	06	04	2009
19155527	J. Immunol.	01	21	2009
19238689	Mol Nutr Food Res	02	23	2009
19083241	Plant Cell Rep.	02	02	2009
19148959	Scand. Cardiovasc. J.	01	15	2009
19160569	J. Hazard. Mater.	01	21	2009
19153382	Neurology	01	20	2009
19177601	Bioorg. Med. Chem.	01	27	2009
18986162	Biochemistry	01	08	2009
19533370	AAPS PharmSciTech	10	06	2009
19330575	Acta Obstet Gynecol Scand	03	30	2009
19893299	Am. J. Nephrol.	12	17	2009
19132979	Ann. Hum. Genet.	01	09	2009
19472519	Ann. Transplant.	05	27	2009
19252230	Biorheology	03	02	2009
20458779	Cells Tissues Organs (Print)	05	10	2010
19124093	Cognition	01	06	2009
19280442	Disabil Rehabil	03	12	2009
19706993	Endocr. J.	08	26	2009
19023158	Endocr. J.	05	13	2009
19067750	FEMS Immunol. Med. Microbiol.	01	07	2009
19116816	Health Care Women Int	12	31	2008
20027706	Hum Reprod Genet Ethics	12	22	2009
19860595	Immunol. Invest.	10	28	2009
19125381	Int. J. Neurosci.	01	06	2009
19645121	Int J Nurs Stud	07	30	2009
19149983	J Coll Physicians Surg Pak	01	19	2009
19639707	J Environ Sci (China)	07	29	2009
19469057	J Med Liban	05	26	2009
19929303	Minim Invasive Ther Allied Technol	11	25	2009
19662582	Nat. Prod. Res.	08	07	2009
19173128	Nat. Prod. Res.	01	28	2009
19076528	Paediatr Anaesth	12	16	2008
19878481	Periodontol. 2000	11	02	2009
19330947	Phytochemistry	03	27	2009
19320065	Scand. J. Gastroenterol.	03	24	2009
19263596	Sleep Med.	03	03	2009
19639447	Surg. Today	07	29	2009
19195270	Vojnosanit Pregl	02	06	2009
19678437	World Hosp Health Serv	08	13	2009
19108035	Yonsei Med. J.	12	24	2008
19106305	Proc. Natl. Acad. Sci. U.S.A.	12	24	2008
19160472	J. Biol. Chem.	01	21	2009
19079059	Nature	12	16	2008
19020510	Am. J. Hypertens.	11	21	2008
19021584	Biochem. Soc. Trans.	11	21	2008
19017847	Biophys. J.	11	21	2008
19076786	Cancer Sci.	12	16	2008
19058349	Clin. Exp. Immunol.	12	04	2008
19172758	Eur J Med Chem	01	26	2009
19062393	Gynecol. Oncol.	12	05	2008
19160471	Hum. Immunol.	01	21	2009
19209403	Iran J Allergy Asthma Immunol	02	10	2009
19011218	J. Exp. Biol.	11	17	2008
19022988	J. Nutr.	11	21	2008
19067374	Phytother Res	12	16	2008
19082250	Saudi Med J	12	16	2008
19115940	Viral Immunol.	12	31	2008
18853441	Glia	10	20	2008
18775849	Am. J. Physiol. Heart Circ. Physiol.	11	10	2008
19178811	Am J Rhinol	01	30	2009
19068508	Ann. Thorac. Surg.	12	09	2008
18922814	Cardiovasc. Res.	10	16	2008
18948672	Circ. J.	10	24	2008
18949845	Gut	10	23	2008
19043845	J. Clin. Invest.	11	28	2008
18955584	J. Clin. Pathol.	10	28	2008
18951275	J Drug Target	11	04	2008
18999359	J Exp Psychol Gen	11	12	2008
18941260	J. Immunol.	10	22	2008
18941259	J. Immunol.	10	22	2008
18941258	J. Immunol.	10	22	2008
19089549	J Orthop Sci	12	17	2008
19031650	J Pak Med Assoc	11	25	2008
18768758	Mol. Biol. Cell	10	29	2008
18955547	Mol. Endocrinol.	10	28	2008
19039619	Pathologe	11	28	2008
18840730	Blood	10	08	2008
18803759	Aliment. Pharmacol. Ther.	09	22	2008
18825841	Arch. Med. Res.	09	30	2008
18990783	Biophys. J.	11	06	2008
18668728	Bioresour. Technol.	07	30	2008
18938645	Chest	10	17	2008
18842931	Chest	10	09	2008
18792961	Clin Anat	10	06	2008
18798367	Clin. Sci.	09	16	2008
18769273	Ear Hear	09	04	2008
18827031	FASEB J.	10	01	2008
18799811	Infect. Immun.	09	18	2008
19145694	J BUON	01	15	2009
19145706	J. Cell. Mol. Med.	01	14	2009
18823211	J Exp Psychol Hum Percept Perform	09	30	2008
18814186	Phytother Res	09	29	2008
19086102	Saudi Med J	12	15	2008
18815407	N. Engl. J. Med.	09	25	2008
18774408	Lancet	09	08	2008
18810786	J. Biol. Chem.	09	19	2008
19034988	Acta Neurol. Scand.	11	21	2008
18803758	Acta Neurol. Scand.	09	22	2008
18695264	Am. J. Respir. Cell Mol. Biol.	08	12	2008
18695263	Am. J. Respir. Cell Mol. Biol.	08	12	2008
18713925	Anesth. Analg.	08	20	2008
18763372	Arch. Gen. Psychiatry	09	02	2008
18759266	Arthritis Rheum.	09	08	2008
18773512	Cancer Metastasis Rev.	09	04	2008
18824454	Clin Lung Cancer	09	30	2008
18684858	Eur. J. Endocrinol.	08	27	2008
18728245	Exp. Biol. Med. (Maywood)	08	27	2008
18755706	FASEB J.	08	29	2008
18755732	J. Clin. Pathol.	08	29	2008
18814384	J Vector Borne Dis	09	24	2008
18772271	Mol. Cell. Biol.	09	05	2008
18757780	Mol. Endocrinol.	09	01	2008
18767255	Nucl Med Commun	09	03	2008
18714442	Oral Surg Oral Med Oral Pathol Oral Radiol Endod	08	19	2008
19177602	Pharmacol Rep	01	27	2009
19172772	Pharmacol Rep	01	27	2009
18766085	Plast. Reconstr. Surg.	09	03	2008
18788936	Viral Immunol.	09	15	2008
18630349	J. Hazard. Mater.	07	15	2008
18708937	Spine	08	18	2008
18698256	Transplantation	08	13	2008
18698255	Transplantation	08	13	2008
18694506	J Autoimmune Dis	08	20	2008
18687655	N. Engl. J. Med.	08	08	2008
18615454	Am. J. Hematol.	08	04	2008
18564440	Anal. Biochem.	06	18	2008
18666999	Aust Endod J	07	31	2008
18668719	Br J Ophthalmol	07	29	2008
18770890	Chemosphere	09	03	2008
18685345	Curr Opin Organ Transplant	08	07	2008
18685344	Curr Opin Organ Transplant	08	07	2008
18665945	Environ. Microbiol.	07	30	2008
18669978	Haematologica	08	01	2008
18452145	Hepatology	08	07	2008
18759935	Immunol. Rev.	09	01	2008
18780483	J Clin Hypertens (Greenwich)	09	09	2008
18759949	J. Med. Primatol.	09	01	2008
18684246	Mol. Microbiol.	08	07	2008
19816840	Neuropediatrics	10	09	2009
18937768	Pediatr Int	10	21	2008
18833694	Thorac Surg Clin	10	03	2008
18653862	Science	07	25	2008
18942186	Br J Nurs	10	21	2008
18543410	Anal. Biochem.	06	09	2008
18642438	J. Hazard. Mater.	07	18	2008
18630350	Cell	07	15	2008
18709725	Accid Anal Prev	08	18	2008
18668707	Biophys. Chem.	07	29	2008
18754175	Endocr Pract	08	28	2008
18492064	FEMS Immunol. Med. Microbiol.	06	30	2008
18492063	FEMS Immunol. Med. Microbiol.	06	30	2008
18949862	Indian J Dent Res	10	24	2008
18711807	Injury	08	18	2008
18586754	J. Anim. Sci.	06	30	2008
18587027	J. Clin. Pathol.	06	30	2008
19004130	J Pak Med Assoc	11	12	2008
17693117	Med Eng Phys	07	28	2008
18431791	Microsc. Res. Tech.	06	23	2008
18560433	Nat. Chem. Biol.	06	18	2008
18591507	Neurology	07	01	2008
18584810	J. Hazard. Mater.	06	26	2008
18508008	J. Hazard. Mater.	05	29	2008
18705032	J. Neuroimmunol.	08	13	2008
18592665	Talanta	07	01	2008
18522959	Brain	06	04	2008
18581620	Croat. Med. J.	06	26	2008
21667570	Cytokine	06	13	2011
18493028	Endocrinology	05	21	2008
18754157	J. Biosci.	08	28	2008
18567567	J Chin Med Assoc	06	23	2008
18807653	J. Huazhong Univ. Sci. Technol. Med. Sci.	09	19	2008
18558992	J Sex Med	06	18	2008
18688952	J. Steroid Biochem. Mol. Biol.	08	07	2008
18782924	Pharmacol. Res.	09	09	2008
18452495	Physiol Plant	05	02	2008
18543408	J. Hazard. Mater.	06	09	2008
18592661	Talanta	07	01	2008
18592660	Talanta	07	01	2008
18592659	Talanta	07	01	2008
18592658	Talanta	07	01	2008
18592657	Talanta	07	01	2008
18505474	J. Cell. Mol. Med.	07	28	2010
18395605	Brain Res. Bull.	04	08	2008
18589485	Environ. Sci. Technol.	06	16	2008
18561378	J Pharm Biomed Anal	06	17	2008
18451467	Acta Crystallogr C	05	02	2008
18469481	Anal Sci	05	12	2008
18199595	Ann. Rheum. Dis.	04	14	2008
18533706	Biotechnol. Prog.	06	06	2008
20712068	Br. J. Haematol.	08	13	2010
18545817	Braz. J. Med. Biol. Res.	06	11	2008
18584777	Chemosphere	06	25	2008
18935697	Clin Ter	10	20	2008
18935696	Clin Ter	10	20	2008
18248414	FEMS Yeast Res.	04	23	2008
18504811	Immunity	05	23	2008
18263633	J. Androl.	04	21	2008
18456906	J. Hazard. Mater.	05	02	2008
18713433	J Integr Plant Biol	08	20	2008
18454652	J. Periodontol.	05	05	2008
18444246	Phytother Res	05	05	2008
18454036	Plast. Reconstr. Surg.	05	05	2008
18158190	Int. J. Cardiol.	03	31	2008
18499917	J. Biol. Chem.	05	22	2008
18496903	J Ethnopharmacol	05	21	2008
18496902	J Ethnopharmacol	05	21	2008
18496898	J Ethnopharmacol	05	21	2008
18496897	J Ethnopharmacol	05	21	2008
18581626	Environ. Sci. Technol.	05	27	2008
18461699	J. Hazard. Mater.	05	06	2008
18403691	Science	04	11	2008
18365839	Autoimmunity	03	27	2008
18592666	Best Pract Res Clin Rheumatol	07	01	2008
18618946	Cancer Biol. Ther.	07	10	2008
18391189	Clin. Vaccine Immunol.	04	08	2008
18633195	Hypertens. Res.	07	17	2008
18459183	J. Hazard. Mater.	05	05	2008
18481007	J. Huazhong Univ. Sci. Technol. Med. Sci.	05	15	2008
18382269	J. Investig. Med.	04	02	2008
18661677	J Pak Med Assoc	07	28	2008
18306279	J Pharm Sci	03	04	2008
18360278	Transplantation	03	24	2008
18572427	J. Hazard. Mater.	04	28	2008
18194502	Aliment. Pharmacol. Ther.	03	06	2008
18441551	J. Chromatogr. B Analyt. Technol. Biomed. Life Sci.	04	25	2008
18286714	J. Mol. Biol.	02	19	2008
18307284	J. Org. Chem.	02	29	2008
18322536	Nature	03	06	2008
18287002	Proc. Natl. Acad. Sci. U.S.A.	03	05	2008
18226115	Aliment. Pharmacol. Ther.	01	29	2008
18299452	Blood	02	26	2008
18320608	Gut	03	03	2008
18309008	J. Am. Soc. Nephrol.	02	29	2008
18400615	J. Formos. Med. Assoc.	05	09	2008
16204650	J. Leukoc. Biol.	02	27	2008
19317004	Malawi Med J	03	05	2009
18398955	Mol. Endocrinol.	04	08	2008
18463560	Molecules	05	08	2008
18246317	Sci. China, C, Life Sci.	02	04	2008
19306522	Yao Xue Xue Bao	03	23	2009
18348354	J. Biol. Chem.	03	17	2008
18340665	Biochim. Biophys. Acta	03	13	2008
18478651	J Assoc Physicians India	05	14	2008
18418946	Sci. China, C, Life Sci.	04	17	2008
18239106	Science	02	01	2008
18235505	Nature	01	31	2008
18294986	Lancet	02	25	2008
18265472	Chem. Commun. (Camb.)	02	11	2008
18185496	EMBO J.	01	10	2008
18210667	J. Biol. Chem.	01	18	2008
18592679	Acta Paediatr Taiwan	07	01	2008
18094391	Arterioscler. Thromb. Vasc. Biol.	12	20	2007
18334470	Asian J Surg	03	12	2008
18694478	BMC Med Imaging	08	13	2008
19086151	Breast Cancer	12	12	2008
17956591	Cancer Sci.	12	18	2007
18360952	Cell Transplant	03	24	2008
18702158	ChemSusChem	08	14	2008
18431861	Dig Dis	04	23	2008
19186321	Dis. Esophagus	01	30	2009
18840138	Dis. Esophagus	10	08	2008
18727213	Folia Biol. (Praha)	08	26	2008
18340653	Immunol. Res.	03	13	2008
19156933	Int J Med Sci	01	16	2009
18827437	Intern. Med.	10	01	2008
18825845	Intern. Med.	09	30	2008
18581657	J Environ Sci (China)	06	26	2008
18345556	J. Steroid Biochem. Mol. Biol.	03	14	2008
19192491	Mol. Vis.	02	03	2009
18595196	Neurochem. Res.	07	01	2008
18776269	Nucleic Acids Symp Ser (Oxf)	09	08	2008
18776250	Nucleic Acids Symp Ser (Oxf)	09	08	2008
18773530	Protoplasma	09	04	2008
18345594	Transplant. Proc.	03	17	2008
18727212	Yearb Med Inform	08	26	2008
18159609	Yonsei Med. J.	12	26	2007
18056845	Blood	12	06	2007
18219743	FEBS Lett.	01	24	2008
18163247	J. Biol. Chem.	12	27	2007
18254204	Acta Anaesthesiol Taiwan	02	06	2008
18188874	Am. J. Physiol. Endocrinol. Metab.	01	09	2008
18077742	Can Fam Physician	12	13	2007
18193493	Int J Colorectal Dis	01	11	2008
18357658	Iran J Allergy Asthma Immunol	03	21	2008
18198529	Mol Biosyst	01	16	2008
18063880	Onkologie	12	07	2007
18350680	Zhonghua Bing Li Xue Za Zhi	03	19	2008
18041113	Virology	11	26	2007
18001006	Org. Lett.	11	16	2007
18062082	Toxicology	12	04	2007
17935358	Biochemistry	10	30	2007
17929839	Biochemistry	10	30	2007
17982135	Am. J. Pathol.	11	05	2007
17984118	Carcinogenesis	11	06	2007
17972903	EMBO Rep.	11	01	2007
17895373	Hum. Mol. Genet.	10	17	2007
17982441	Int. J. Impot. Res.	11	05	2007
18041111	Int. J. Pediatr. Otorhinolaryngol.	11	26	2007
18058373	Int. J. Radiat. Biol.	12	06	2007
18030635	J Clin Exp Neuropsychol	11	21	2007
18232077	J Fluoresc	01	29	2008
18188886	J. Microbiol. Biotechnol.	01	11	2008
18065108	Pharmazie	12	10	2007
17971824	EMBO J.	10	31	2007
17974018	Virol. J.	12	12	2007
17962537	Science	10	26	2007
17915904	Langmuir	10	16	2007
17992736	Curr. Biol.	11	08	2007
17974074	Acta Pharmacol. Sin.	11	01	2007
18061996	Best Pract Res Clin Obstet Gynaecol	11	30	2007
18056030	Clin Med Res	12	06	2007
18163244	DNA Seq.	12	27	2007
17905730	FASEB J.	10	01	2007
17874477	J Colloid Interface Sci	09	14	2007
17977112	J. Econ. Entomol.	11	02	2007
17978810	J. Microbiol.	11	05	2007
17907250	Pharmacoepidemiol Drug Saf	10	08	2007
17939193	J. Biol. Chem.	10	15	2007
17939192	J. Biol. Chem.	10	15	2007
17939191	J. Biol. Chem.	10	15	2007
17939190	J. Biol. Chem.	10	15	2007
17987674	Bioorg. Med. Chem. Lett.	11	06	2007
17724333	Proc. Natl. Acad. Sci. U.S.A.	09	05	2007
17846225	AJNR Am J Neuroradiol	09	11	2007
17786654	Hum Fertil (Camb)	09	05	2007
17918151	J. Nephrol.	10	05	2007
17846256	J. Neurophysiol.	09	11	2007
17726800	J. Thorac. Cardiovasc. Surg.	08	28	2007
17726799	J. Thorac. Cardiovasc. Surg.	08	28	2007
18072301	Neurosci Bull	12	11	2007
17766554	Pediatrics	09	03	2007
17915350	Protein Sci.	10	03	2007
17986024	Sociol Health Illn	11	07	2007
17952894	Phys. Rev. Lett.	10	19	2007
17690274	Science	08	10	2007
17876935	Br J Nurs	09	18	2007
17650565	AJR Am J Roentgenol	07	25	2007
17650548	Ann. Thorac. Surg.	07	24	2007
17650547	Ann. Thorac. Surg.	07	24	2007
17614998	Dev World Bioeth	07	06	2007
17656701	Science	07	27	2007
17567051	Biochemistry	07	03	2007
17933032	Accid Emerg Nurs	10	11	2007
17614339	Environ. Mol. Mutagen.	08	20	2007
17615274	J. Clin. Microbiol.	07	06	2007
17760229	J Opt Soc Am A Opt Image Sci Vis	08	30	2007
17652912	J. Pharmacol. Sci.	07	26	2007
17867222	J Prof Nurs	09	14	2007
17596640	Mutagenesis	06	28	2007
17658946	PLoS Comput. Biol.	03	28	2008
17717854	Sheng Li Xue Bao	08	23	2007
17607544	Clin. Auton. Res.	07	03	2007
17589983	Croat. Med. J.	06	25	2007
17623895	Curr Probl Surg	07	11	2007
17507992	Gene Ther.	05	17	2007
17504515	Int. J. Immunogenet.	05	16	2007
17289911	J. Appl. Physiol.	06	06	2007
17729429	J. Chem. Ecol.	08	29	2007
18340965	J Commun Dis	03	14	2008
17580380	J. Mol. Biol.	06	19	2007
17496231	J. Virol.	05	14	2007
17506073	Phytother Res	05	22	2007
17506072	Phytother Res	05	22	2007
17485494	J. Cell Biol.	05	08	2007
17691123	Biotechnol. Lett.	08	09	2007
17600961	Can. Respir. J.	06	29	2007
17452723	Emerg Med J	04	24	2007
17471609	J Gene Med	05	07	2007
17446370	Science	04	20	2007
17470461	Hum. Mol. Genet.	05	01	2007
17409337	N. Engl. J. Med.	04	05	2007
17582840	Accid Emerg Nurs	06	20	2007
17441225	Croat. Med. J.	04	18	2007
17401390	Nat. Cell Biol.	04	02	2007
17457996	Oral Oncol.	04	24	2007
17457993	Oral Oncol.	04	24	2007
17457992	Oral Oncol.	04	24	2007
17457991	Oral Oncol.	04	24	2007
17436439	Protein Expr. Purif.	04	12	2007
17326266	Biochem. J.	02	26	2007
17347468	N. Engl. J. Med.	03	09	2007
17345565	J Appl Toxicol	03	13	2007
17322212	Microbiology (Reading, Engl.)	02	26	2007
17551250	Zool. Sci.	06	06	2007
17360701	Proc. Natl. Acad. Sci. U.S.A.	03	15	2007
17360700	Proc. Natl. Acad. Sci. U.S.A.	03	15	2007
17380579	J. Biol. Chem.	03	22	2007
17387784	Cell	03	26	2007
17236955	J. Oral Maxillofac. Surg.	01	22	2007
17366688	Nan Fang Yi Ke Da Xue Xue Bao	03	16	2007
17326324	Neuron	02	27	2007
17284584	Plant Physiol.	02	07	2007
17410676	Sci. China, C, Life Sci.	04	05	2007
17316127	Thyroid	02	23	2007
17234576	Cancer Imaging	01	19	2007
17288013	Biol. Psychiatry	02	07	2007
17218266	Cell	01	12	2007
17604376	Angew. Chem. Int. Ed. Engl.	07	10	2007
17549846	Curr Top Med Chem	06	05	2007
18070421	Folia Biol. (Praha)	12	11	2007
17708013	Int J Occup Med Environ Health	08	20	2007
17136756	J. Pathol.	12	05	2006
17213995	Mol. Pharmacol.	01	09	2007
18188887	Molecules	01	11	2008
17969264	Molecules	10	29	2007
17514840	Neurol India	05	21	2007
17178748	Nucleic Acids Res.	02	01	2007
18049464	Prostate Cancer Prostatic Dis.	11	30	2007
17315305	Water Res.	02	21	2007
17176514	Eur. J. Pharmacol.	12	18	2006
17185584	Science	12	22	2006
17179216	Proc. Natl. Acad. Sci. U.S.A.	12	20	2006
17170272	Science	12	15	2006
17159131	Neurology	12	12	2006
17132733	Proc. Natl. Acad. Sci. U.S.A.	12	13	2006
17158555	J. Clin. Oncol.	12	12	2006
17171811	DNA Repair (Amst.)	12	14	2006
17209231	Br J Surg	01	05	2007
17354293	Endocr. J.	03	07	2007
17171815	Gut	12	14	2006
17179705	J. Korean Med. Sci.	12	20	2006
17139780	J. Urol.	11	29	2006
17135280	Mol. Cell. Biol.	11	30	2006
17081259	Plant Cell Environ.	11	03	2006
17095496	Q J Exp Psychol (Colchester)	11	10	2006
17214047	Surgery	01	10	2007
17163875	Transfus Med	12	13	2006
17074927	J. Exp. Med.	11	28	2006
17176513	Life Sci.	12	18	2006
17107036	Langmuir	11	19	2006
17103479	Angew. Chem. Int. Ed. Engl.	11	20	2006
17068855	Biochem. Biophys. Res. Commun.	10	26	2006
17092331	Cardiovasc Ultrasound	11	19	2006
17079770	N. Engl. J. Med.	11	02	2006
17162772	Am. J. Obstet. Gynecol.	12	08	2006
17181116	Am J Rhinol	12	21	2006
17176532	Clin Imaging	12	19	2006
17047133	Gut	10	18	2006
17056589	J. Immunol.	10	23	2006
17056588	J. Immunol.	10	23	2006
17115904	J. Interferon Cytokine Res.	11	22	2006
17265573	J Obstet Gynaecol	01	31	2007
17029327	J. Pathol.	10	23	2006
17682298	Masui	08	07	2007
17047255	Mol. Cell. Biol.	10	18	2006
17181911	Proc Nutr Soc	12	21	2006
17066038	Nature	10	26	2006
17121191	Arch. Pharm. Res.	11	22	2006
16997941	Hum. Reprod.	09	25	2006
17010023	Int. J. Urol.	10	02	2006
17048343	J. Hosp. Infect.	10	17	2006
17005709	J. Virol.	09	28	2006
17013410	Nat Mater	10	02	2006
17003659	Pancreas	09	27	2006
16983065	Arch. Intern. Med.	09	19	2006
16967080	Tidsskr. Nor. Laegeforen.	09	12	2006
16967079	Tidsskr. Nor. Laegeforen.	09	12	2006
16948173	Angew. Chem. Int. Ed. Engl.	09	07	2006
16969914	Arch. Dis. Child.	09	12	2006
16948131	Arthritis Rheum.	10	02	2006
16625002	Biol. Reprod.	08	24	2006
17048324	Diabetes	10	17	2006
16936220	Diabetes	08	28	2006
17671539	J Egypt Natl Canc Inst	08	02	2007
16871030	J. Vet. Sci.	07	27	2006
16964231	Nat. Biotechnol.	09	11	2006
16960577	Nat. Med.	09	08	2006
16981308	Exp. Mol. Med.	09	18	2006
16926605	Transplantation	08	23	2006
16942385	J Chem Phys	08	31	2006
16929574	Am J Psychiatry	08	24	2006
16915293	Cell Res.	08	17	2006
16882864	Genome Res.	08	02	2006
16849517	J. Immunol.	07	19	2006
16873288	J. Virol.	07	28	2006
16855608	Nat. Immunol.	07	20	2006
16829659	J. Clin. Oncol.	07	10	2006
16863336	J Chem Phys	07	25	2006
16790551	Proc. Natl. Acad. Sci. U.S.A.	07	06	2006
16721138	Curr Opin Oncol	05	24	2006
16842490	Diabet. Med.	07	17	2006
16819465	EMBO Rep.	07	04	2006
16881139	J. Clin. Invest.	07	31	2006
16832233	J. Occup. Environ. Med.	07	11	2006
16782904	Mol. Cell. Biol.	06	19	2006
16782903	Mol. Cell. Biol.	06	19	2006
16892492	Oral Oncol.	08	04	2006
16897836	Reg Anesth Pain Med	08	08	2006
16857559	Reg Anesth Pain Med	07	21	2006
16824453	Reprod. Nutr. Dev.	07	07	2006
16810259	Nature	06	30	2006
16754774	Blood	06	06	2006
16799408	Diabetes Metab.	06	26	2006
16955555	Food Microbiol.	09	06	2006
16708074	Gene Ther.	05	18	2006
16913071	Indian J Ophthalmol	08	16	2006
16775851	J. Clin. Endocrinol. Metab.	06	14	2006
16764630	J. Obstet. Gynaecol. Res.	06	12	2006
16736557	J. Thorac. Cardiovasc. Surg.	05	31	2006
16773740	FEBS Lett.	06	13	2006
16671756	J Phys Chem B	05	04	2006
16670428	Nucleic Acids Res.	05	03	2006
16770067	Anal Sci	06	13	2006
16733874	Complement Ther Clin Pract	05	30	2006
16724417	Dev. Cell	05	25	2006
16767838	Immunity	06	12	2006
16621841	J. Bacteriol.	04	19	2006
17175730	Rev Bras Enferm	12	19	2006
16642565	Yonsei Med. J.	04	27	2006
16674171	J Chem Phys	05	05	2006
16614196	Science	04	14	2006
16602096	Birth Defects Res. Part A Clin. Mol. Teratol.	04	25	2006
16634966	Pathol. Int.	04	25	2006
16582451	Stem Cells	04	28	2006
16572179	Nature	03	30	2006
16572178	Nature	03	30	2006
16554801	Nature	03	23	2006
16505348	Proc. Natl. Acad. Sci. U.S.A.	04	05	2006
16506793	J. Am. Chem. Soc.	03	01	2006
16506792	J. Am. Chem. Soc.	03	01	2006
16550645	Biol. Reprod.	03	20	2006
16517936	J. Clin. Microbiol.	03	06	2006
16484665	J. Neurol. Neurosurg. Psychiatr.	02	17	2006
16535772	Mol. Pharmacol.	03	13	2006
16508674	Nat. Cell Biol.	03	01	2006
16511361	Mol. Cells	03	02	2006
16521304	FEBS Lett.	03	06	2006
16476960	Neurology	02	14	2006
16458751	Lancet	02	06	2006
16739302	Clin Adv Hematol Oncol	06	01	2006
16528862	Harefuah	03	10	2006
16635876	Int J Psychoanal	04	25	2006
17907312	J. Vasc. Surg.	09	28	2007
16476631	J. Vasc. Surg.	02	14	2006
16456801	Zhonghua Yi Xue Yi Chuan Xue Za Zhi	02	03	2006
16410485	Science	01	20	2006
16905903	Acta Orthop Traumatol Turc	08	14	2006
18297754	AMIA Annu Symp Proc	02	22	2008
18297753	AMIA Annu Symp Proc	02	22	2008
17193703	Brain Behav. Evol.	12	04	2006
17054588	Chin J Dig Dis	10	23	2006
16683328	Neuropsychobiology	05	09	2006
16886289	Neurosurg Focus	08	03	2006
16487023	Thyroid	02	20	2006
16498716	J. Biol. Chem.	02	23	2006
16373558	Science	12	23	2005
16422027	J. Immunol.	01	19	2006
16314492	Development	11	29	2005
16355499	J. Biochem. Mol. Biol.	12	15	2005
19743533	J. Biochem. Mol. Biol.	09	09	2009
16329169	Cell	12	02	2005
16232191	Acta Obstet Gynecol Scand	10	19	2005
16222765	Biochem. Biophys. Res. Commun.	10	12	2005
16222764	Biochem. Biophys. Res. Commun.	10	12	2005
16222304	Nature	10	13	2005
16222303	Nature	10	13	2005
16222302	Nature	10	13	2005
16210516	Science	10	07	2005
16132475	Dis. Colon Rectum	10	13	2005
16132474	Dis. Colon Rectum	10	13	2005
16245294	Lasers Surg Med	10	31	2005
16200688	Mol. Cell. Biol.	10	03	2005
16220614	Cell	10	12	2005
16767803	Biochem. Biophys. Res. Commun.	06	09	2006
16156091	Cancer Res.	09	12	2005
16163795	Diabetes Res. Clin. Pract.	09	14	2005
16163818	J Prosthet Dent	09	15	2005
16208844	Metab. Clin. Exp.	10	06	2005
16125542	Metab. Clin. Exp.	08	29	2005
16208878	Tidsskr. Nor. Laegeforen.	10	06	2005
16267883	Biochem. J.	11	02	2005
16047404	Biochem. J.	07	26	2005
16136721	HBPD INT	09	01	2005
16020451	J. Appl. Physiol.	07	15	2005
16020449	J. Appl. Physiol.	07	15	2005
16003050	Clin J Sport Med	07	08	2005
15983232	Diabetes	06	28	2005
16060010	J Contemp Health Law Policy	08	01	2005
16018769	J. Periodontol.	07	15	2005
16300451	Rural Remote Health	11	22	2005
15973193	Transplantation	06	23	2005
15961651	Science	06	17	2005
15966130	Cancer Res.	06	20	2005
16482658	Ann Emerg Med	02	15	2006
15958062	Cancer Sci.	06	16	2005
15959958	J. Clin. Pathol.	06	16	2005
15935080	J. Neurochem.	06	06	2005
15937475	Nat. Med.	06	06	2005
15937474	Nat. Med.	06	06	2005
15914742	JAMA	05	25	2005
15877819	Mol. Cancer	05	16	2005
15860048	Eur. J. Clin. Invest.	04	29	2005
15824138	J. Cell Biol.	04	12	2005
15844253	Chin. Med. J.	04	21	2005
15918217	Cell Tissue Res.	05	25	2005
15784608	Infect. Immun.	03	23	2005
15824288	Plant Physiol.	04	12	2005
15759010	Oncogene	03	10	2005
15746408	Science	03	04	2005
15801814	Biotechnol. Prog.	04	01	2005
16363099	Breast J	12	19	2005
15738363	Circulation	03	01	2005
15683406	Environ. Microbiol.	02	01	2005
15810154	Gynecol. Oncol.	04	05	2005
15709047	J. Virol.	02	14	2005
15738044	Obstet Gynecol	03	01	2005
15699410	Neurology	02	08	2005
15695968	Am. J. Obstet. Gynecol.	02	07	2005
15793927	Nutrition	03	28	2005
15653487	Science	01	17	2005
15696628	Proc. Natl. Acad. Sci. U.S.A.	02	04	2005
15696627	Proc. Natl. Acad. Sci. U.S.A.	02	04	2005
16897901	Cent Afr J Med	08	09	2006
15685781	Food Chem. Toxicol.	02	01	2005
18297775	Int. J. Biol. Sci.	02	25	2008
15627319	Yonsei Med. J.	12	31	2004
15657987	Clin. Sci.	01	18	2005
15557126	J. Cell Biol.	11	23	2004
15540369	Biochem. Biophys. Res. Commun.	11	12	2004
15516371	Proc. Natl. Acad. Sci. U.S.A.	11	24	2004
15726764	Acta Crystallogr., A, Found. Crystallogr.	02	23	2005
15508234	Biotechnol. Adv.	10	27	2004
15520457	Carcinogenesis	11	02	2004
15504385	Contraception	10	26	2004
15520405	J. Med. Genet.	11	02	2004
15560003	J. Surg. Res.	11	23	2004
15580694	Virus Res.	12	03	2004
15599984	Cell	12	15	2004
15559988	Chem. Commun. (Camb.)	11	23	2004
15517657	Proc. Natl. Acad. Sci. U.S.A.	10	29	2004
15478275	Cell	10	12	2004
15459367	Science	10	01	2004
15693149	Proc. Natl. Acad. Sci. U.S.A.	02	03	2005
15479177	Clin. Exp. Pharmacol. Physiol.	10	13	2004
15378833	Genome Res.	09	20	2004
15342609	J. Bacteriol.	09	02	2004
15372728	J. Surg. Res.	09	16	2004
15336941	Eur. J. Pharmacol.	08	31	2004
15277603	Mol. Endocrinol.	07	27	2004
15473063	Retina (Philadelphia, Pa.)	10	08	2004
15355508	Vox Sang.	09	09	2004
15354845	Aust. Vet. J.	09	09	2004
15224696	Clin. Infect. Dis.	06	29	2004
16189926	J Assoc Physicians India	09	28	2005
15309238	J Pediatr (Rio J)	08	13	2004
15201338	J. Neurosci.	06	17	2004
15526407	Biol. Psychiatry	11	04	2004
15309810	Zhonghua Yi Xue Za Zhi	08	13	2004
15260900	J. Psychopharmacol. (Oxford)	07	20	2004
15143841	Nat. Prod. Res.	05	17	2004
15166523	AIDS	05	28	2004
15152258	Nature	05	20	2004
15137386	Environ. Res.	05	11	2004
15082607	Gut	04	14	2004
15122294	Nat. Biotechnol.	05	03	2004
15063148	Eur. J. Pharmacol.	04	05	2004
15088600	Biol. Pharm. Bull.	04	16	2004
15218874	Gan To Kagaku Ryoho	06	25	2004
15009622	J. Obstet. Gynaecol. Res.	03	10	2004
15171212	Pharmazie	05	24	2004
15117135	Trop Doct	04	30	2004
15044784	Science	03	26	2004
15016483	Lancet	03	12	2004
15043050	AJNR Am J Neuroradiol	03	25	2004
14994310	Am. J. Hum. Biol.	03	02	2004
15218884	Endocrine	06	25	2004
14988866	Gastroenterology	02	27	2004
15004271	Plant Cell	03	08	2004
14982051	J. Biol. Chem.	02	24	2004
15025097	Cell	03	16	2004
14718349	Hypertension	01	30	2004
14739439	Science	01	23	2004
12531802	Blood	01	02	2004
14723797	Mol. Cancer	07	16	2004
14723796	Mol. Cancer	07	16	2004
14715534	Circ. Res.	01	12	2004
14715533	Circ. Res.	01	12	2004
14712821	J. Biol. Chem.	01	08	2004
14687178	Aliment. Pharmacol. Ther.	12	22	2003
14742821	Ann Pharmacother	01	26	2004
15672979	Clin Exp Obstet Gynecol	01	27	2005
15736316	Cochrane Database Syst Rev	02	28	2005
14725315	Chem. Commun. (Camb.)	01	15	2004
15025028	Ned Tijdschr Geneeskd	02	27	2004
14745671	Swiss Med Wkly	01	27	2004
14645037	Biophys. J.	12	03	2003
14667944	Gait Posture	12	11	2003
14649221	J. Urol.	11	26	2003
14603326	Nature	11	06	2003
14636358	Epilepsia	11	25	2003
14617761	J. Clin. Invest.	11	17	2003
14561890	RNA	10	16	2003
14568863	Ann. Intern. Med.	10	21	2003
14596229	BMJ	10	30	2003
14517276	J. Exp. Med.	10	07	2003
14561712	J. Clin. Invest.	10	16	2003
14610755	J. Biol. Chem.	11	07	2003
12970544	Science	09	12	2003
14628756	Ai Zheng	11	20	2003
14651063	Arch. Med. Res.	12	02	2003
14622684	J Pain	11	19	2003
14575318	Mol. Cell. Biochem.	10	24	2003
12949529	Nat. Med.	09	01	2003
12934587	Am. J. Hum. Genet.	08	22	2003
12894765	Infect. Immun.	08	01	2003
12867482	J. Bacteriol.	07	17	2003
12852405	Cancer Res.	07	09	2003
12850266	Mol. Biochem. Parasitol.	07	09	2003
12833069	Nat. Cell Biol.	06	30	2003
15452953	Protein Sci.	09	28	2004
12805518	Science	06	13	2003
12809932	Urology	06	17	2003
12775818	Science	05	30	2003
12730577	Science	05	05	2003
12591152	Brain Res.	02	19	2003
12578956	N. Engl. J. Med.	03	06	2003
12621444	Nature	03	06	2003
12621443	Nature	03	06	2003
12621442	Nature	03	06	2003
12621441	Nature	03	06	2003
12621440	Nature	03	06	2003
12621439	Nature	03	06	2003
12621438	Nature	03	06	2003
12589982	Clin. Chim. Acta	02	18	2003
12607554	DNA Repair (Amst.)	02	26	2003
14703685	J. Mol. Cell. Cardiol.	01	03	2004
14679960	Lang Speech	11	24	2003
12589830	Biochem. Biophys. Res. Commun.	02	18	2003
12569089	J. Cell Biol.	02	19	2003
12610632	Nature	02	28	2003
12610631	Nature	02	28	2003
12622114	Br. J. Pharmacol.	03	06	2003
12538725	J. Immunol.	01	22	2003
12698960	Phys Rev E Stat Nonlin Soft Matter Phys	04	16	2003
20486885	Clin Linguist Phon	05	21	2010
14631941	J. Huazhong Univ. Sci. Technol. Med. Sci.	11	21	2003
12664878	Jpn. J. Thorac. Cardiovasc. Surg.	03	28	2003
14689962	Pathol. Oncol. Res.	12	22	2003
12643272	Sheng Wu Hua Xue Yu Sheng Wu Wu Li Xue Bao	03	18	2003
12557900	Phys. Rev. Lett.	01	30	2003
12526115	Science	01	14	2003
12473613	Clin. Cancer Res.	12	10	2002
12555745	Diabetologia	01	29	2003
14524327	Mech. Dev.	10	01	2003
12476908	J. Biochem. Mol. Biol.	12	11	2002
12425322	Science	11	08	2002
12411512	EMBO J.	11	04	2002
12389582	Int. J. Mol. Med.	10	21	2002
12416506	Science	11	04	2002
12408177	Life Sci.	10	30	2002
12364364	Hypertension	10	04	2002
12231550	Clin. Cancer Res.	09	16	2002
12416532	Exp Brain Res	11	04	2002
12482104	Neuroimage	12	16	2002
12365402	Resuscitation	10	04	2002
12202042	Cell	08	30	2002
12233711	Psychiatry Res	09	16	2002
12243194	J. Biol. Chem.	09	20	2002
12269264	Genes Dev.	09	10	2002
12380567	J. Lipid Res.	09	23	2002
12110603	EMBO J.	07	11	2002
12097423	J. Immunol.	07	04	2002
12110745	N. Engl. J. Med.	07	11	2002
12143939	Angiology	07	29	2002
12119325	J Vasc Interv Radiol	07	16	2002
12380559	Resuscitation	08	09	2002
12080958	J. Cell. Physiol.	06	11	2002
12024219	Nature	05	23	2002
12004901	Science	05	10	2002
11956557	J Med Biogr	04	16	2002
12211159	Exp. Clin. Endocrinol. Diabetes	08	30	2002
12008663	Gan To Kagaku Ryoho	05	07	2002
12071259	ISA Trans	06	19	2002
11934009	Psychol Sci	04	05	2002
11911469	Mol. Cells	03	25	2002
11887789	Science	02	08	2002
11874225	J Clin Psychiatry	03	04	2002
12038295	Jpn. J. Cancer Res.	05	30	2002
12380568	Rinsho Shinkeigaku	10	02	2002
12498326	Tohoku J. Exp. Med.	12	24	2002
11682139	Virus Res.	10	29	2001
11707783	Mamm. Genome	11	14	2001
11848611	Psychon Bull Rev	02	18	2002
11734844	Nature	12	05	2001
11602797	J. Gen. Virol.	10	16	2001
11883493	Liver Transpl.	03	07	2002
11758493	Proc. Natl. Acad. Sci. U.S.A.	10	31	2001
11600210	Hum. Immunol.	10	15	2001
11530779	Bull Environ Contam Toxicol	08	31	2001
12134869	EMBO J.	07	22	2002
11487416	Addiction	08	06	2001
11838503	J Pers Soc Psychol	02	11	2002
11439953	N. Engl. J. Med.	06	21	2001
11486751	Cognition	08	03	2001
11395282	Epilepsy Res.	06	07	2001
11411464	Gut	06	18	2001
11387377	J. Clin. Oncol.	06	01	2001
11436224	Nat. Med.	06	28	2001
11385516	Nat. Med.	05	31	2001
11398818	Science	06	08	2001
11331781	Proc. Natl. Acad. Sci. U.S.A.	05	10	2001
11905463	J. Biol. Chem.	03	15	2002
11284436	Gut	04	02	2001
11873810	Blood	03	01	2002
11560169	Clin Psychol Rev	09	17	2001
11440025	Surg Laparosc Endosc Percutan Tech	07	05	2001
11191047	Ann. Thorac. Surg.	01	25	2001
11185541	Clin. Diagn. Lab. Immunol.	12	01	2000
11073015	Lancet	11	29	2000
10988083	Am. J. Respir. Crit. Care Med.	10	12	2000
10988082	Am. J. Respir. Crit. Care Med.	10	12	2000
11012314	J. Neurochem.	09	28	2000
10958843	J. Nutr.	10	03	2000
10970226	Science	08	31	2000
11201952	Mol. Cell. Biochem.	02	06	2001
10877693	Science	06	29	2000
12025810	Indoor Air	05	03	2002
11439911	Acta Pharmacol. Sin.	07	01	2001
10979725	Forum (Genova)	09	07	2000
10836971	Proc. Natl. Acad. Sci. U.S.A.	05	24	2000
10836972	Proc. Natl. Acad. Sci. U.S.A.	05	25	2000
10766577	J. Thorac. Cardiovasc. Surg.	04	13	2000
10798958	Proc. Natl. Acad. Sci. U.S.A.	05	01	2000
11712587	Science	11	18	2001
10735732	Ann. Thorac. Surg.	04	12	2000
10722401	Am. J. Med. Genet.	03	15	2000
10702025	Immunogenetics	02	29	2000
10681222	Life Sci.	02	17	2000
11256354	Wiad. Lek.	03	19	2001
10671087	Exp. Mol. Med.	02	10	2000
10905876	Ginekol. Pol.	07	17	2000
11023382	J R Coll Surg Edinb	10	04	2000
10991641	J. Immunol.	09	14	2000
10991640	J. Immunol.	09	14	2000
10627117	Acta Radiol	01	06	2000
10712076	Exp. Eye Res.	03	06	2000
10498826	Glia	11	22	1999
10576992	Hum. Genet.	11	10	1999
10576912	Immunity	11	23	1999
10454943	Anesthesiology	08	19	1999
10438297	Science	08	04	1999
10383651	Eur. J. Neurosci.	09	30	1999
10438282	Otolaryngol Head Neck Surg	08	02	1999
10400539	Synapse	07	08	1999
10366318	N. Engl. J. Med.	06	10	1999
10383305	Science	06	18	1999
10400498	EMBO J.	07	06	1999
10400497	EMBO J.	07	06	1999
10336343	Int. J. Cancer	05	17	1999
10336342	Int. J. Cancer	05	17	1999
11012249	Blood	09	28	2000
10375260	RNA	06	14	1999
10366278	Cancer Res.	06	07	1999
10206907	Science	04	15	1999
10094517	Biochemistry	03	22	1999
10328728	Proc. Natl. Acad. Sci. U.S.A.	05	12	1999
11885593	J. Antimicrob. Chemother.	03	08	2002
10419350	J. Biol. Chem.	07	19	1999
9917215	N. Engl. J. Med.	01	19	1999
10375303	J. Biol. Chem.	06	15	1999
10215452	J. Biol. Chem.	04	19	1999
9856701	Anesthesiology	12	31	1998
9845078	Nature	12	11	1998
9867425	Cell	12	15	1998
10068298	Immunol. Lett.	03	01	1999
9841640	Biochem. J.	11	17	1998
9925444	Eur. J. Immunol.	01	27	1999
9766975	J. Virol.	10	07	1998
10075549	Scand J Work Environ Health	03	10	1999
9786782	Proc. Natl. Acad. Sci. U.S.A.	10	22	1998
10026024	Ginekol. Pol.	02	17	1999
14506794	Infect. Immun.	09	23	2003
12465612	Proc. Natl. Acad. Sci. U.S.A.	12	04	2002
12465610	Proc. Natl. Acad. Sci. U.S.A.	12	04	2002
9687260	Nature	07	27	1998
9687227	Circulation	07	24	1998
9729132	Med. J. Aust.	09	03	1998
9867474	Ginekol. Pol.	12	10	1998
12862029	J. Clin. Invest.	07	15	2003
9687235	FEBS Lett.	07	29	1998
9687234	FEBS Lett.	07	29	1998
9687233	FEBS Lett.	07	29	1998
9687232	FEBS Lett.	07	29	1998
9652920	BMJ	07	01	1998
9657917	Clin. Immunol. Immunopathol.	07	20	1998
9634358	J. Infect. Dis.	06	18	1998
9687165	Neuron	07	24	1998
9705625	Neuroreport	08	13	1998
9660680	Lancet	07	09	1998
9840962	Eur. J. Cancer	11	06	1998
9696633	Eur J Clin Nutr	08	04	1998
9660638	Int. J. Obes. Relat. Metab. Disord.	07	09	1998
9634359	J. Physiol. (Lond.)	06	18	1998
9652915	Neuron	06	26	1998
9615991	Neuron	06	02	1998
9767010	Nature	10	07	1998
9556373	FEBS Lett.	04	21	1998
9517679	Am. J. Gastroenterol.	04	14	1998
9643967	Can. J. Microbiol.	06	23	1998
9616075	Pacing Clin Electrophysiol	06	04	1998
9508700	Science	03	13	1998
9606113	J. Surg. Res.	05	27	1998
9499167	Mol. Pharmacol.	03	10	1998
9490125	BMJ	02	27	1998
9678986	Med Pr	07	23	1998
9717532	Neoplasma	09	10	1998
9696683	Trop Gastroenterol	08	05	1998
9669965	Wiad. Lek.	07	14	1998
9556431	Proc. Natl. Acad. Sci. U.S.A.	04	23	1998
9546810	Biochemistry	04	14	1998
9546809	Biochemistry	04	14	1998
9546808	Biochemistry	04	14	1998
9411448	Proc. Natl. Acad. Sci. U.S.A.	12	16	1997
9363899	Nature	11	25	1997
9867463	Exp. Gerontol.	12	23	1998
9380040	Mol. Cell. Biol.	11	21	1997
9340748	Science	10	23	1997
9376566	Blood	11	06	1997
9410477	J. Mol. Med.	12	23	1997
9340197	Cell	10	20	1997
9378749	J Bone Joint Surg Br	11	06	1997
15368646	J R Coll Physicians Lond	09	15	2004
9297234	Science	09	15	1997
9254413	Science	08	12	1997
9244806	J. Exp. Med.	08	01	1997
9229764	Science	07	21	1997
9280722	EMBO J.	09	02	1997
9303950	J R Soc Med	09	25	1997
9247059	Brain Res.	10	01	1997
9247058	Brain Res.	10	01	1997
9198477	AIDS Res. Hum. Retroviruses	06	20	1997
9230040	Biochem. Biophys. Res. Commun.	07	21	1997
9230038	Ann. Thorac. Surg.	07	18	1997
9190378	J. Mol. Biol.	06	16	1997
9280753	Glia	09	04	1997
9147965	J. Bacteriol.	05	09	1997
9105392	Plast. Reconstr. Surg.	05	08	1997
9122270	Proc. Natl. Acad. Sci. U.S.A.	04	24	1997
9101733	Biochim. Biophys. Acta	04	14	1997
9044900	J. Immunol.	03	05	1997
9053766	Ned Tijdschr Geneeskd	03	11	1997
9019781	Proc. Natl. Acad. Sci. U.S.A.	02	13	1997
8985082	Am Surg	01	23	1997
9750055	Int J Occup Med Environ Health	09	24	1998
9026503	J. Neuroimmunol.	02	19	1997
9625650	Prz. Lek.	06	05	1998
9480457	Prz. Lek.	02	25	1998
9340650	Proc. Natl. Acad. Sci. U.S.A.	10	21	1997
9410582	Invert. Neurosci.	12	22	1997
9333713	Mol. Cell. Biol.	10	16	1997
9064279	Genomics	03	17	1997
8999116	J. Forensic Sci.	01	23	1997
8927055	Mol. Cell. Biol.	11	15	1996
8704228	Blood	09	12	1996
8927237	Neurology	11	26	1996
8693077	Radiat. Res.	08	29	1996
8691968	Lancet	08	27	1996
8643009	Lancet	07	18	1996
8614472	Nature	06	06	1996
8920253	Proc. Biol. Sci.	01	07	1997
8622673	Mol. Cell. Biol.	06	18	1996
8557149	Fertil. Steril.	02	27	1996
8524415	Nature	01	24	1996
8540114	Transplant. Proc.	02	08	1996
9063864	Br J Obstet Gynaecol	03	20	1997
7590686	Hepatology	12	14	1995
8522924	J. Forensic Sci.	01	22	1996
7594697	J. Infect. Dis.	12	28	1995
7566837	Obstet Gynecol	11	22	1995
7666428	J. Mol. Biol.	10	11	1995
7642321	Infect. Immun.	09	21	1995
7673861	J. Intern. Med.	10	19	1995
7550304	Nat. Genet.	11	20	1995
7663236	BMJ	10	12	1995
7636677	J. Pediatr.	09	11	1995
7627038	BMJ	09	07	1995
7626084	Biochem. Biophys. Res. Commun.	08	31	1995
7790283	Int. J. Radiat. Oncol. Biol. Phys.	07	21	1995
7771803	Arch. Biochem. Biophys.	07	03	1995
7767995	Carcinogenesis	07	05	1995
7880842	Biochemistry	04	13	1995
7799969	Mol. Cell. Biol.	01	24	1995
7800511	Nucleic Acids Res.	01	20	1995
7896284	Genomics	04	21	1995
8089505	J. Immunol.	10	14	1994
7932905	J Trauma	11	23	1994
8065370	Mol. Cell. Biol.	09	19	1994
8039642	Gastroenterology	08	25	1994
8045705	Invest. Ophthalmol. Vis. Sci.	08	26	1994
8016147	Proc. Natl. Acad. Sci. U.S.A.	07	28	1994
8013471	EMBO J.	07	26	1994
8207972	Leukemia	07	13	1994
8168987	Infect. Immun.	06	02	1994
8160005	Science	05	19	1994
8152468	Nature	05	12	1994
8017228	Aesthetic Plast Surg	07	28	1994
8008220	Neuroscience	07	21	1994
8143840	FEBS Lett.	05	03	1994
8113963	J. Pharmacol. Exp. Ther.	03	28	1994
8286407	Biochim. Biophys. Acta	02	24	1994
8169062	Int. J. Neurosci.	06	01	1994
8289074	J. Neurol. Sci.	02	22	1994
8239002	Anesthesiology	12	10	1993
8223883	Eur. J. Immunol.	12	14	1993
8411398	J. Virol.	11	24	1993
8234308	Proc. Natl. Acad. Sci. U.S.A.	12	09	1993
8406848	Infect. Immun.	11	17	1993
8289058	J. Neurochem.	02	23	1994
8371721	Mol. Pharmacol.	10	14	1993
8371720	Mol. Pharmacol.	10	14	1993
8369970	Brain Res.	10	14	1993
8354669	J. Biol. Chem.	09	21	1993
8354538	Indian J Gastroenterol	09	23	1993
8510258	J. Urol.	07	09	1993
8373552	Mol. Neurobiol.	10	21	1993
8444162	Eur. J. Biochem.	04	02	1993
16695966	J. Clin. Invest.	08	17	2007
8508892	Eur. Urol.	07	09	1993
1460058	J. Biol. Chem.	01	12	1993
1461278	Nature	01	12	1993
1478933	J. Biol. Chem.	02	09	1993
1471778	Ann Allergy	01	25	1993
1448156	Nature	12	24	1992
1457188	AIDS Res. Hum. Retroviruses	01	08	1993
1396574	EMBO J.	11	02	1992
1516129	Cell	10	07	1992
1527778	J. Protozool.	10	21	1992
1512856	J. Urol.	09	29	1992
1354831	Lancet	09	18	1992
1502206	Proc. Natl. Acad. Sci. U.S.A.	09	15	1992
1617655	Cancer Res.	08	04	1992
1291765	Jpn. J. Med. Sci. Biol.	03	26	1993
1591774	Cell	06	26	1992
1349988	Lancet	06	18	1992
1628701	Exp. Eye Res.	08	19	1992
1563839	Int. J. Cancer	05	15	1992
1565437	Optom Vis Sci	05	20	1992
1552948	Nature	04	27	1992
1541834	J. Immunol.	04	09	1992
1538775	Nature	03	27	1992
1547782	EMBO J.	04	21	1992
1560215	J Med Assoc Ga	05	14	1992
1737860	J. Clin. Invest.	03	18	1992
1942261	J. Virol.	12	26	1991
1944427	N. Engl. J. Med.	11	27	1991
1936614	Diabetes	12	19	1991
1915308	EMBO J.	11	18	1991
1923217	Obstet Gynecol	11	20	1991
1953717	Biochem. Biophys. Res. Commun.	12	02	1991
1895410	J. Virol.	10	22	1991
1915353	Eur. J. Biochem.	11	01	1991
1916769	Hum. Genet.	10	30	1991
1856602	J. Leukoc. Biol.	08	27	1991
1960483	Nippon Seikeigeka Gakkai Zasshi	01	09	1992
1861290	J. Urol.	09	05	1991
1876607	Proc. Natl. Acad. Sci. U.S.A.	09	26	1991
1801275	Surgery	04	23	1992
2032282	Cell	06	27	1991
2024115	Science	05	31	1991
1930642	Am. J. Reprod. Immunol.	12	20	1991
2054096	Biol. Chem. Hoppe-Seyler	08	01	1991
1988145	Cell	02	28	1991
2255298	Neurotoxicol Teratol	01	24	1991
2235528	Nucleic Acids Res.	12	05	1990
2218505	Science	11	09	1990
1364942	J Exp Psychol Anim Behav Process	01	10	1995
2216617	Pediatrics	11	21	1990
2227448	Gene	12	26	1990
2203648	EMBO J.	10	11	1990
2201746	J. Exp. Med.	09	27	1990
2204924	Proc. Natl. Acad. Sci. U.S.A.	10	17	1990
2199061	Cell	09	13	1990
2267234	Prenat. Diagn.	02	08	1991
2189745	Experientia	07	11	1990
2108217	J. Immunol.	04	30	1990
2181455	Proc. Soc. Exp. Biol. Med.	05	10	1990
2180696	Eur. J. Biochem.	05	02	1990
2406725	Proc. Natl. Acad. Sci. U.S.A.	03	22	1990
2292250	Eur J Appl Physiol Occup Physiol	04	09	1991
2134884	J. Neurosci. Res.	05	11	1992
2201959	Pharmacotherapy	09	26	1990
2574815	Lancet	01	29	1990
2679503	Arch. Neurol.	11	09	1989
2672002	Proc. Natl. Acad. Sci. U.S.A.	10	06	1989
2665689	Arch. Gen. Psychiatry	08	23	1989
2504378	BMJ	10	11	1989
2655085	Science	06	16	1989
2653058	Am J Psychiatry	06	02	1989
2663915	J. Clin. Microbiol.	08	23	1989
2656759	J. Clin. Invest.	07	12	1989
2645791	Am. J. Physiol.	03	29	1989
2643156	Science	02	22	1989
2695651	J. Neurotrauma	03	21	1990
3050911	Orthopedics	11	22	1988
3289525	Arch. Gen. Psychiatry	07	28	1988
3293028	Orthopedics	08	17	1988
3079527	Hereditas	04	20	1989
3073294	Medicina (B Aires)	06	13	1989
3313259	Pediatrics	12	11	1987
3309945	Proc. Natl. Acad. Sci. U.S.A.	11	19	1987
3309051	J. Immunol.	11	19	1987
3303034	Proc. Soc. Exp. Biol. Med.	09	22	1987
3549839	J. Am. Coll. Cardiol.	05	20	1987
3545676	Crit. Care Med.	04	21	1987
3105885	Cardiovasc Intervent Radiol	06	23	1987
3553413	J. Exp. Med.	06	23	1987
3329345	Psychopharmacol Bull	06	08	1988
3535071	Science	12	15	1986
3524269	Am. J. Physiol.	08	21	1986
3513502	Am. Heart J.	04	07	1986
3514538	Invest Radiol	05	15	1986
3330619	Radiology	07	27	1988
3905919	J. Am. Coll. Cardiol.	01	02	1986
3899403	Circ. Res.	11	19	1985
3902780	J. Appl. Physiol.	12	19	1985
3912878	Rev. Invest. Clin.	03	31	1986
3914487	J. Clin. Invest.	06	25	1986
3914486	J. Clin. Invest.	06	25	1986
3914485	J. Clin. Invest.	06	25	1986
3887413	Proc. Natl. Acad. Sci. U.S.A.	06	20	1985
3886405	Eur. J. Immunol.	06	20	1985
3883350	Proc. Natl. Acad. Sci. U.S.A.	03	27	1985
3882286	Clin. Exp. Immunol.	04	05	1985
6393757	Am. J. Hum. Genet.	02	04	1985
6384395	J. Lab. Clin. Med.	11	02	1984
10299629	Med Group Manage	09	10	1984
6101121	Curr. Eye Res.	01	07	1993
6400360	J. Clin. Invest.	06	25	1986
6371812	Proc. Natl. Acad. Sci. U.S.A.	05	30	1984
6399694	Circulation	11	20	1985
6357534	Circ. Res.	01	26	1984
6400697	Nature	02	15	1989
6349461	Ann. Intern. Med.	09	09	1983
6400542	Am. J. Cardiol.	02	18	1987
6400477	Am. J. Cardiol.	11	18	1986
6341849	N. Engl. J. Med.	06	23	1983
6341848	N. Engl. J. Med.	06	23	1983
6340200	Science	05	05	1983
6101122	Am. J. Physiol.	01	07	1993
6751590	Circulation	12	16	1982
7124650	Am. J. Cardiol.	12	02	1982
6765636	J. Clin. Invest.	04	28	1989
6765471	Proc. Natl. Acad. Sci. U.S.A.	06	25	1986
6765631	Science	03	21	1989
7023353	Ann. Neurol.	10	14	1981
6999347	N. Engl. J. Med.	12	16	1980
6106651	J. Clin. Endocrinol. Metab.	12	18	1980
6765470	Am. J. Med.	05	20	1986
7002682	Diabetes	02	26	1981
7002681	Diabetes	02	26	1981
6765630	Jpn. J. Med. Sci. Biol.	03	21	1989
400955	J. Neurochem.	07	13	1989
195582	Biochem. J.	08	12	1977
400964	Nature	08	30	1989
